"LocusName","variable","log_bf","evidence"
10112,"MinTemp_MaxDepth",1.18457787493202,"Strong"
10123,"Mean_SST",2.32945890005972,"Decisive"
10123,"MinTemp_MaxDepth",1.78563586917077,"Strong"
10171,"Max_SST",1.27039930739751,"Strong"
10203,"Mean_SST",3.66007772377501,"Decisive"
10203,"MinTemp_MaxDepth",2.22701209599108,"Decisive"
10225,"Max_SST",1.41468929332005,"Strong"
10233,"Mean_SST",1.5946135091601,"Strong"
10236,"Mean_SST",1.37388623178915,"Strong"
10236,"MinTemp_MaxDepth",1.24536458763476,"Strong"
10257,"Mean_SST",1.3023309286844,"Strong"
10257,"MinTemp_MaxDepth",1.17857410337993,"Strong"
10271,"MeanTemp_MaxDepth",1.52295256906742,"Strong"
10288,"Mean_SST",1.43576475926038,"Strong"
10288,"MinTemp_MaxDepth",1.14783084994346,"Strong"
10366,"Max_SST",1.55384663172659,"Strong"
10376,"Mean_SST",2.92754999854094,"Decisive"
10376,"MinTemp_MaxDepth",2.10663278892012,"Decisive"
10379,"Mean_SST",1.38813673976307,"Strong"
10452,"Mean_SST",1.78750298087036,"Strong"
10452,"MeanTemp_MaxDepth",2.805643560597,"Decisive"
10504,"MinTemp_MaxDepth",1.46605162569934,"Strong"
10520,"Mean_SST",1.15078713096536,"Strong"
10801,"MinTemp_MaxDepth",2.83557009353988,"Decisive"
10823,"Mean_SST",1.13643517045838,"Strong"
10894,"Mean_SST",1.12687786883527,"Strong"
1104,"MinTemp_MaxDepth",2.15271631110641,"Decisive"
11056,"Mean_SST",1.28339169729713,"Strong"
11056,"MinTemp_MaxDepth",1.10339316997353,"Strong"
11062,"Mean_SST",1.22786100595501,"Strong"
11097,"MinTemp_MaxDepth",1.0099605314706,"Strong"
11114,"MinTemp_MaxDepth",1.0484418035504,"Strong"
11131,"Mean_SST",1.09408662708319,"Strong"
11138,"Mean_SST",3.30436125422531,"Decisive"
11138,"MinTemp_MaxDepth",2.93656400513527,"Decisive"
11159,"Mean_SST",1.04485321726773,"Strong"
11160,"MinTemp_MaxDepth",1.07169794522161,"Strong"
11229,"Mean_SST",1.2465724341217,"Strong"
11320,"Mean_SST",2.8604398292018,"Decisive"
11320,"MeanTemp_MaxDepth",2.06096211309383,"Decisive"
11320,"MinTemp_MaxDepth",1.56086269472746,"Strong"
11368,"Mean_SST",1.17759420964783,"Strong"
11415,"Mean_SST",1.49136169383427,"Strong"
11484,"Mean_SST",1.1978316933289,"Strong"
11506,"MinTemp_MaxDepth",1.76484835719341,"Strong"
11535,"MeanTemp_MaxDepth",1.85634214177879,"Strong"
11536,"Mean_SST",1.82247537786179,"Strong"
11536,"MinTemp_MaxDepth",1.66671449178134,"Strong"
11560,"Mean_SST",2.2418949716307,"Decisive"
11591,"Mean_SST",1.990671775066,"Strong"
11591,"MinTemp_MaxDepth",1.48577819329192,"Strong"
11661,"Mean_SST",1.20183393047435,"Strong"
11670,"Mean_SST",1.37110482193151,"Strong"
11687,"Mean_SST",1.80226047589377,"Strong"
11698,"Mean_SST",1.76552699489541,"Strong"
11813,"Mean_SST",1.01686627082897,"Strong"
11833,"Mean_SST",1.43026860579591,"Strong"
11833,"MinTemp_MaxDepth",1.38705151447249,"Strong"
1185,"Mean_SST",2.57448269928516,"Decisive"
1185,"MinTemp_MaxDepth",1.47466781210167,"Strong"
1193,"Mean_SST",1.26653743023431,"Strong"
1193,"MeanTemp_MaxDepth",1.28366299005883,"Strong"
11934,"Mean_SST",1.4506801087621,"Strong"
11934,"MinTemp_MaxDepth",1.16814377549596,"Strong"
11950,"Mean_SST",1.00945089579869,"Strong"
11998,"MinTemp_MaxDepth",1.75095557272022,"Strong"
12054,"Mean_SST",1.02995164203684,"Strong"
1219,"Mean_SST",1.35121634533934,"Strong"
12214,"MinTemp_MaxDepth",1.22112722174244,"Strong"
12249,"Mean_SST",1.36221850032605,"Strong"
12280,"Mean_SST",1.12332886692635,"Strong"
12280,"MinTemp_MaxDepth",1.4145388361968,"Strong"
12434,"Mean_SST",1.05960127976275,"Strong"
12507,"Mean_SST",1.59761840991295,"Strong"
12640,"Mean_SST",1.81012493947536,"Strong"
12640,"MeanTemp_MaxDepth",1.62964401406878,"Strong"
12640,"MinTemp_MaxDepth",2.3007910679878,"Decisive"
12688,"Mean_SST",1.68326323063454,"Strong"
12688,"MinTemp_MaxDepth",1.16711047859666,"Strong"
12712,"Max_SST",1.50204455387735,"Strong"
12735,"Mean_SST",1.48380118246049,"Strong"
12735,"MinTemp_MaxDepth",1.21079991039675,"Strong"
12796,"Mean_SST",1.98305316354662,"Strong"
12796,"MinTemp_MaxDepth",2.08087891034182,"Decisive"
12872,"Mean_SST",1.11424391368891,"Strong"
12981,"Mean_SST",2.91807229557743,"Decisive"
12981,"MeanTemp_MaxDepth",1.88032187552745,"Strong"
1300,"Mean_SST",1.42868541543919,"Strong"
1325,"MeanTemp_MaxDepth",1.32463221992291,"Strong"
13488,"MinTemp_MaxDepth",1.19648016770015,"Strong"
13564,"Mean_SST",2.35903822837938,"Decisive"
13564,"MeanTemp_MaxDepth",2.29989935954633,"Decisive"
13564,"MinTemp_MaxDepth",1.67910068967042,"Strong"
14009,"Mean_SST",1.00603795499732,"Strong"
14009,"MeanTemp_MaxDepth",1.38644545574728,"Strong"
14009,"MinTemp_MaxDepth",1.10971350479295,"Strong"
14078,"Mean_SST",1.82606832064526,"Strong"
14078,"MinTemp_MaxDepth",1.08902150079501,"Strong"
14109,"Mean_SST",1.51677327830159,"Strong"
14109,"MeanTemp_MaxDepth",1.3183764152228,"Strong"
14109,"MinTemp_MaxDepth",1.10893692358826,"Strong"
14139,"MinTemp_MaxDepth",1.90102762780415,"Strong"
14223,"MeanTemp_MaxDepth",1.0855759697185,"Strong"
14223,"MinTemp_MaxDepth",1.9948272699836,"Strong"
14316,"Mean_SST",2.34151365987025,"Decisive"
14316,"MinTemp_MaxDepth",2.92662536625906,"Decisive"
14399,"Mean_SST",1.10126578499133,"Strong"
14515,"Mean_SST",2.22398888257009,"Decisive"
14515,"MinTemp_MaxDepth",1.6118188635172,"Strong"
14539,"Mean_SST",1.8125992147371,"Strong"
14546,"Mean_SST",4.03092339962722,"Decisive"
14546,"MeanTemp_MaxDepth",3.39911968602793,"Decisive"
14546,"MinTemp_MaxDepth",4.06254438134646,"Decisive"
14555,"MinTemp_MaxDepth",1.06516875170575,"Strong"
14590,"Mean_SST",2.22873390837614,"Decisive"
14590,"MeanTemp_MaxDepth",1.10428220709444,"Strong"
14612,"Mean_SST",1.48415742436538,"Strong"
14635,"Mean_SST",1.36982789252533,"Strong"
14635,"MeanTemp_MaxDepth",1.01443652783167,"Strong"
14635,"MinTemp_MaxDepth",2.21319889172361,"Decisive"
14700,"Mean_SST",1.49423810415848,"Strong"
14700,"MeanTemp_MaxDepth",1.13462328966244,"Strong"
14783,"Mean_SST",1.65213993065629,"Strong"
14783,"MinTemp_MaxDepth",1.21248058772137,"Strong"
14845,"Mean_SST",1.77985612462018,"Strong"
14845,"MinTemp_MaxDepth",1.06940907067179,"Strong"
14899,"Mean_SST",2.34062255536111,"Decisive"
14927,"Mean_SST",1.13763890502276,"Strong"
14938,"Mean_SST",1.35782054393836,"Strong"
14980,"Mean_SST",1.80021515073391,"Strong"
14980,"MinTemp_MaxDepth",2.03754601208583,"Decisive"
15002,"Mean_SST",1.36129332424358,"Strong"
15002,"MinTemp_MaxDepth",1.25784650159116,"Strong"
15032,"MinTemp_MaxDepth",1.76460946312095,"Strong"
1506,"Max_SST",2.08411135194068,"Decisive"
15182,"MinTemp_MaxDepth",1.64810619173372,"Strong"
15207,"Mean_SST",1.03985017774966,"Strong"
15275,"Mean_SST",1.27355681352984,"Strong"
15324,"MinTemp_MaxDepth",1.05888133934956,"Strong"
15335,"Mean_SST",1.14863349848935,"Strong"
15386,"Mean_SST",1.5523396338312,"Strong"
15584,"Mean_SST",2.70201672556915,"Decisive"
15584,"MinTemp_MaxDepth",1.27726530945685,"Strong"
15585,"Mean_SST",2.25546548199246,"Decisive"
15585,"MinTemp_MaxDepth",2.03088295310967,"Decisive"
15693,"Mean_SST",1.422934381307,"Strong"
15694,"MeanTemp_MaxDepth",1.36246362475521,"Strong"
15737,"Mean_SST",1.18559881058231,"Strong"
15738,"Mean_SST",1.10438467128788,"Strong"
15810,"MinTemp_MaxDepth",1.66510234682257,"Strong"
15815,"Mean_SST",1.62752971038902,"Strong"
15815,"MinTemp_MaxDepth",1.4656207558542,"Strong"
15891,"MinTemp_MaxDepth",1.18198642448015,"Strong"
159,"Mean_SST",1.07918124604762,"Strong"
159,"MeanTemp_MaxDepth",1.22554187718723,"Strong"
159,"MinTemp_MaxDepth",1.04801429093805,"Strong"
15968,"Mean_SST",1.42224502484178,"Strong"
15968,"MinTemp_MaxDepth",1.41022030486508,"Strong"
15983,"Mean_SST",2.3388348422911,"Decisive"
15983,"MeanTemp_MaxDepth",1.37500481553064,"Strong"
15983,"MinTemp_MaxDepth",1.04886889573993,"Strong"
16006,"Mean_SST",2.1647691030092,"Decisive"
16006,"MeanTemp_MaxDepth",1.93912471410481,"Strong"
16006,"MinTemp_MaxDepth",1.09286094333882,"Strong"
16013,"Mean_SST",2.07007482626753,"Decisive"
16013,"MinTemp_MaxDepth",1.22409258849427,"Strong"
16105,"Mean_SST",1.21500270721495,"Strong"
16126,"Mean_SST",1.30835094858673,"Strong"
16129,"MinTemp_MaxDepth",1.0533089811241,"Strong"
16171,"Mean_SST",1.80729143014797,"Strong"
16208,"Mean_SST",2.00354669310213,"Decisive"
16208,"MinTemp_MaxDepth",2.02271698005103,"Decisive"
16378,"Mean_SST",2.40756084948636,"Decisive"
16378,"MinTemp_MaxDepth",1.46679350234354,"Strong"
16393,"Mean_SST",1.56344548602705,"Strong"
16409,"Mean_SST",1.00526633297277,"Strong"
16409,"MinTemp_MaxDepth",2.04446136081066,"Decisive"
1650,"Max_SST",1.23969979668666,"Strong"
16516,"Mean_SST",1.35460778278926,"Strong"
16516,"MinTemp_MaxDepth",1.05134549933654,"Strong"
16557,"Mean_SST",1.8196294699708,"Strong"
16557,"MinTemp_MaxDepth",1.63607647581732,"Strong"
16590,"Mean_SST",1.16115829220618,"Strong"
16590,"MinTemp_MaxDepth",1.02897770520878,"Strong"
16620,"MeanTemp_MaxDepth",1.02304658407551,"Strong"
16635,"Mean_SST",1.78039652944727,"Strong"
16635,"MinTemp_MaxDepth",1.99725966027695,"Strong"
16748,"Mean_SST",1.26587865956282,"Strong"
16760,"Mean_SST",1.2802140293384,"Strong"
16764,"MeanTemp_MaxDepth",1.16539272676981,"Strong"
16792,"Mean_SST",1.01778435309668,"Strong"
16849,"Mean_SST",1.11885969540959,"Strong"
16916,"MinTemp_MaxDepth",1.77787611007481,"Strong"
16944,"Mean_SST",1.22008192493381,"Strong"
16976,"Mean_SST",2.58860780474269,"Decisive"
16976,"MinTemp_MaxDepth",1.45826003736032,"Strong"
17130,"Mean_SST",1.22703784493023,"Strong"
17134,"Mean_SST",1.18636294039473,"Strong"
17182,"Mean_SST",1.18366835736002,"Strong"
17211,"Mean_SST",1.16565972020949,"Strong"
17211,"MeanTemp_MaxDepth",1.5792117802315,"Strong"
17424,"Mean_SST",1.06565439351496,"Strong"
17424,"MeanTemp_MaxDepth",1.08582553352074,"Strong"
17461,"Mean_SST",1.24323653794108,"Strong"
17472,"Max_SST",1.15682163559163,"Strong"
17486,"Mean_SST",1.26934946929472,"Strong"
17522,"Mean_SST",1.02877452650009,"Strong"
17522,"MinTemp_MaxDepth",1.08611057380132,"Strong"
17767,"Max_SST",2.35358928157948,"Decisive"
17976,"Mean_SST",1.69286453735727,"Strong"
17976,"MinTemp_MaxDepth",1.02493696803744,"Strong"
18214,"MinTemp_MaxDepth",1.06889055425794,"Strong"
18238,"Mean_SST",1.60571436163837,"Strong"
18238,"MinTemp_MaxDepth",1.33154876050752,"Strong"
18267,"Mean_SST",1.01720034352384,"Strong"
18284,"Mean_SST",1.19761132316971,"Strong"
18456,"Mean_SST",4.85854321268701,"Decisive"
18456,"MeanTemp_MaxDepth",1.46121330546114,"Strong"
18456,"MinTemp_MaxDepth",2.67427311393134,"Decisive"
18576,"Mean_SST",1.7336145010892,"Strong"
18626,"Mean_SST",1.20005666597221,"Strong"
18626,"MeanTemp_MaxDepth",1.21803633120095,"Strong"
18626,"MinTemp_MaxDepth",3.06528087110275,"Decisive"
18636,"Mean_SST",3.17868923977559,"Decisive"
18636,"MinTemp_MaxDepth",1.73551107391952,"Strong"
18731,"Mean_SST",1.10414555055401,"Strong"
18748,"Mean_SST",1.17137536674494,"Strong"
18804,"MinTemp_MaxDepth",1.02485494830502,"Strong"
18851,"Mean_SST",1.55396793625838,"Strong"
18851,"MinTemp_MaxDepth",1.60666077166095,"Strong"
19018,"Mean_SST",1.68395612226261,"Strong"
19018,"MinTemp_MaxDepth",1.28795840586015,"Strong"
1904,"Mean_SST",2.49341622286713,"Decisive"
1904,"MinTemp_MaxDepth",1.05315530296188,"Strong"
19058,"Mean_SST",1.64245462731665,"Strong"
19058,"MinTemp_MaxDepth",1.39544871231587,"Strong"
19136,"MinTemp_MaxDepth",1.03322264667025,"Strong"
19147,"Mean_SST",2.67170034281655,"Decisive"
19147,"MeanTemp_MaxDepth",2.54299960757705,"Decisive"
19147,"MinTemp_MaxDepth",1.62292862135217,"Strong"
19211,"Mean_SST",1.00108438129222,"Strong"
19219,"Mean_SST",1.01321653962444,"Strong"
19221,"Mean_SST",3.87441223223476,"Decisive"
19221,"MinTemp_MaxDepth",3.52577018572453,"Decisive"
19433,"MinTemp_MaxDepth",1.41437160045909,"Strong"
19465,"MinTemp_MaxDepth",1.89978768296424,"Strong"
19489,"Mean_SST",2.52357739713225,"Decisive"
19489,"MinTemp_MaxDepth",2.04551856288449,"Decisive"
19490,"Mean_SST",1.10387210840306,"Strong"
19490,"MinTemp_MaxDepth",1.01953168453126,"Strong"
19493,"Mean_SST",1.61474961515907,"Strong"
19573,"Mean_SST",1.35829660835574,"Strong"
19742,"Mean_SST",2.74896286125616,"Decisive"
19742,"MinTemp_MaxDepth",2.16852694619269,"Decisive"
19821,"Mean_SST",1.3447065812667,"Strong"
19836,"MinTemp_MaxDepth",2.81968867624706,"Decisive"
19944,"Mean_SST",3.6692796803021,"Decisive"
19944,"MeanTemp_MaxDepth",1.26256973321755,"Strong"
19944,"MinTemp_MaxDepth",2.99650291612878,"Decisive"
19950,"Mean_SST",1.66618089715758,"Strong"
19978,"Mean_SST",1.37894269861344,"Strong"
20000,"Max_SST",1.0826058726979,"Strong"
20058,"MinTemp_MaxDepth",1.72531529266052,"Strong"
20068,"MeanTemp_MaxDepth",1.18255730130491,"Strong"
20084,"Mean_SST",1.1592362334129,"Strong"
20119,"Mean_SST",2.23111262905635,"Decisive"
20236,"Mean_SST",1.49126361626467,"Strong"
20428,"Mean_SST",2.24457397281744,"Decisive"
20428,"MinTemp_MaxDepth",1.32629488781849,"Strong"
2045,"MinTemp_MaxDepth",1.10605484009379,"Strong"
2046,"Mean_SST",1.18315591543401,"Strong"
2046,"MinTemp_MaxDepth",1.29358351349612,"Strong"
2049,"Mean_SST",1.25623653320592,"Strong"
2049,"MinTemp_MaxDepth",1.19047177057335,"Strong"
20546,"MeanTemp_MaxDepth",1.54156676404078,"Strong"
20546,"MinTemp_MaxDepth",1.54385705007059,"Strong"
20591,"Max_SST",1.30226597450297,"Strong"
20658,"Mean_SST",1.80474579390644,"Strong"
20658,"MinTemp_MaxDepth",1.70955826394022,"Strong"
20832,"Mean_SST",1.13656203658998,"Strong"
20896,"Max_SST",1.26606698174341,"Strong"
20942,"Mean_SST",1.72039913317288,"Strong"
20970,"Mean_SST",1.9409097616755,"Strong"
2098,"Mean_SST",2.94823197203483,"Decisive"
2098,"MinTemp_MaxDepth",1.82113999246558,"Strong"
2101,"Mean_SST",2.54345960606937,"Decisive"
2101,"MeanTemp_MaxDepth",1.2137832993353,"Strong"
2101,"MinTemp_MaxDepth",1.06322073558199,"Strong"
21048,"MinTemp_MaxDepth",1.0338658673479,"Strong"
21051,"Mean_SST",1.41590774555682,"Strong"
21051,"MinTemp_MaxDepth",1.55884051842334,"Strong"
21120,"Mean_SST",1.25604389870203,"Strong"
21167,"Mean_SST",1.53493944915176,"Strong"
21428,"Mean_SST",1.60805511438265,"Strong"
21428,"MeanTemp_MaxDepth",1.06513137214021,"Strong"
21428,"MinTemp_MaxDepth",1.30713219065578,"Strong"
21489,"MinTemp_MaxDepth",1.52019521749432,"Strong"
21559,"MinTemp_MaxDepth",1.01300585001574,"Strong"
21666,"Mean_SST",3.32010472484188,"Decisive"
21666,"MeanTemp_MaxDepth",1.38496239730261,"Strong"
21666,"MinTemp_MaxDepth",2.07158747051498,"Decisive"
21690,"MinTemp_MaxDepth",1.00522342485814,"Strong"
21692,"Mean_SST",1.10489662994897,"Strong"
21723,"Mean_SST",2.05994188806195,"Decisive"
21723,"MeanTemp_MaxDepth",1.46822913896173,"Strong"
21723,"MinTemp_MaxDepth",1.08482641669743,"Strong"
21943,"Mean_SST",1.7484903768215,"Strong"
21959,"MeanTemp_MaxDepth",1.49277435325513,"Strong"
22003,"Mean_SST",1.29247759366778,"Strong"
22003,"MinTemp_MaxDepth",3.18035529644879,"Decisive"
22064,"Max_SST",1.06535560128997,"Strong"
2223,"Mean_SST",1.15775888604686,"Strong"
22242,"Mean_SST",2.18656082885207,"Decisive"
22446,"Mean_SST",1.51432191394506,"Strong"
22451,"Mean_SST",3.74189186924153,"Decisive"
22451,"MinTemp_MaxDepth",1.58508831746747,"Strong"
22462,"MinTemp_MaxDepth",1.14323345465317,"Strong"
22519,"Mean_SST",1.48654381988252,"Strong"
22519,"MinTemp_MaxDepth",1.68454017153647,"Strong"
22561,"MinTemp_MaxDepth",1.4223107250018,"Strong"
22609,"Mean_SST",1.40745889045739,"Strong"
22644,"Mean_SST",2.4208794988755,"Decisive"
22644,"MinTemp_MaxDepth",1.70373834235593,"Strong"
22824,"Mean_SST",1.55303301620244,"Strong"
22824,"MinTemp_MaxDepth",2.58164250733799,"Decisive"
22887,"Mean_SST",1.06498182169731,"Strong"
22902,"Mean_SST",3.58364078094304,"Decisive"
22902,"MeanTemp_MaxDepth",2.32122548541718,"Decisive"
22902,"MinTemp_MaxDepth",2.13668886567226,"Decisive"
22969,"Mean_SST",1.48345891509421,"Strong"
22969,"MinTemp_MaxDepth",1.3356584522893,"Strong"
22975,"Mean_SST",1.38230527519331,"Strong"
22975,"MeanTemp_MaxDepth",1.45647231597515,"Strong"
22980,"Mean_SST",2.98530519602363,"Decisive"
22980,"MeanTemp_MaxDepth",1.96106021870265,"Strong"
22980,"MinTemp_MaxDepth",2.39088214113199,"Decisive"
23057,"Mean_SST",1.08976385449169,"Strong"
23207,"Mean_SST",1.97381109866825,"Strong"
23207,"MinTemp_MaxDepth",1.14961934153315,"Strong"
23223,"MinTemp_MaxDepth",1.03314217706062,"Strong"
23310,"Mean_SST",1.57773300755345,"Strong"
2333,"Mean_SST",1.69665339001982,"Strong"
23437,"Mean_SST",1.10397466938639,"Strong"
23437,"MinTemp_MaxDepth",1.5429871684208,"Strong"
2350,"MeanTemp_MaxDepth",1.22302842697225,"Strong"
2353,"Mean_SST",1.18940608552923,"Strong"
2353,"MinTemp_MaxDepth",1.55809628778577,"Strong"
23543,"Mean_SST",1.51486638398925,"Strong"
23543,"MinTemp_MaxDepth",1.07543746158561,"Strong"
2360,"Mean_SST",1.7615369478022,"Strong"
2360,"MeanTemp_MaxDepth",1.64932512105854,"Strong"
2360,"MinTemp_MaxDepth",2.57182524904083,"Decisive"
23660,"MeanTemp_MaxDepth",1.59995944880893,"Strong"
2370,"Mean_SST",1.69156770043806,"Strong"
23746,"MinTemp_MaxDepth",1.79564369686092,"Strong"
23780,"Max_SST",1.20598885075245,"Strong"
23815,"Mean_SST",1.28057837036808,"Strong"
23844,"Mean_SST",1.26916256543174,"Strong"
23850,"MeanTemp_MaxDepth",1.08554030603695,"Strong"
23919,"Mean_SST",1.89139248281624,"Strong"
23919,"MinTemp_MaxDepth",1.55469505278602,"Strong"
23949,"Mean_SST",1.34507952631487,"Strong"
23949,"MinTemp_MaxDepth",1.33513682537162,"Strong"
23981,"MinTemp_MaxDepth",1.40110746547946,"Strong"
24029,"Mean_SST",1.67418116277987,"Strong"
24029,"MinTemp_MaxDepth",1.71826911713136,"Strong"
24040,"Max_SST",1.40732290783964,"Strong"
24040,"MinTemp_MaxDepth",1.15636740013352,"Strong"
24074,"Mean_SST",1.24034952674222,"Strong"
24089,"Mean_SST",1.23949968403163,"Strong"
24089,"MinTemp_MaxDepth",1.43194243777146,"Strong"
24117,"Mean_SST",1.84671432665998,"Strong"
24117,"MeanTemp_MaxDepth",1.11102715102617,"Strong"
24117,"MinTemp_MaxDepth",2.69020494309077,"Decisive"
24166,"Max_SST",1.46481730562598,"Strong"
24213,"Mean_SST",2.0731682622651,"Decisive"
24213,"MeanTemp_MaxDepth",1.6247666672214,"Strong"
24311,"Mean_SST",1.48013634918358,"Strong"
2445,"MinTemp_MaxDepth",1.08357427967399,"Strong"
24540,"MinTemp_MaxDepth",1.06152787089051,"Strong"
24629,"Mean_SST",1.40915509040258,"Strong"
2484,"MinTemp_MaxDepth",1.48503964536526,"Strong"
25028,"Mean_SST",1.05219358043347,"Strong"
25028,"MinTemp_MaxDepth",1.3175828397802,"Strong"
2535,"Mean_SST",1.79808410521131,"Strong"
2580,"Max_SST",2.00595228688738,"Decisive"
2605,"Mean_SST",1.1397846642937,"Strong"
2605,"MinTemp_MaxDepth",1.4164574327681,"Strong"
2606,"Max_SST",1.01190861334915,"Strong"
2606,"Mean_SST",2.96564846980059,"Decisive"
2606,"MeanTemp_MaxDepth",2.95005801335605,"Decisive"
2606,"MinTemp_MaxDepth",3.22346998116192,"Decisive"
2694,"Mean_SST",1.94912153945263,"Strong"
2694,"MinTemp_MaxDepth",1.28237283742438,"Strong"
2702,"MeanTemp_MaxDepth",1.61099001644427,"Strong"
2705,"Mean_SST",1.80862953100605,"Strong"
2705,"MinTemp_MaxDepth",1.09544832653812,"Strong"
2766,"Mean_SST",1.97063507028631,"Strong"
2766,"MeanTemp_MaxDepth",1.17245697440059,"Strong"
2766,"MinTemp_MaxDepth",1.44933952617497,"Strong"
2809,"Mean_SST",1.27676042255778,"Strong"
2873,"Mean_SST",1.29201226623635,"Strong"
2878,"MinTemp_MaxDepth",1.34709572589467,"Strong"
2887,"Max_SST",1.06005536482484,"Strong"
2927,"Mean_SST",1.5042125197822,"Strong"
2977,"Mean_SST",1.32780832432351,"Strong"
2998,"Mean_SST",1.30636068286105,"Strong"
2998,"MinTemp_MaxDepth",1.63895824135693,"Strong"
3009,"Mean_SST",1.50096335063806,"Strong"
3058,"Max_SST",1.14680996277587,"Strong"
3058,"MinTemp_MaxDepth",1.12430855261565,"Strong"
3066,"Max_SST",1.05846398560225,"Strong"
3102,"Mean_SST",1.16708091967326,"Strong"
3133,"Mean_SST",2.89386158839602,"Decisive"
3133,"MinTemp_MaxDepth",1.45829027439173,"Strong"
3156,"Mean_SST",2.65441721491371,"Decisive"
3156,"MinTemp_MaxDepth",2.25940272814259,"Decisive"
3179,"Mean_SST",1.6043556738829,"Strong"
3301,"Mean_SST",1.10761692999178,"Strong"
3313,"Mean_SST",2.985489345672,"Decisive"
3313,"MeanTemp_MaxDepth",1.0752914188833,"Strong"
3313,"MinTemp_MaxDepth",2.57353299098851,"Decisive"
3350,"MeanTemp_MaxDepth",1.46422119753445,"Strong"
3363,"Mean_SST",1.74384672175158,"Strong"
3405,"Mean_SST",2.11287300184046,"Decisive"
3405,"MeanTemp_MaxDepth",1.81999116011374,"Strong"
3405,"MinTemp_MaxDepth",2.40952736701224,"Decisive"
3410,"Mean_SST",1.29554510981174,"Strong"
3548,"Mean_SST",1.67799910046869,"Strong"
3548,"MinTemp_MaxDepth",1.33535759014918,"Strong"
3681,"Mean_SST",1.18949031369937,"Strong"
369,"Mean_SST",1.0819950252723,"Strong"
3699,"Mean_SST",2.97098807972419,"Decisive"
3699,"MeanTemp_MaxDepth",1.43539838026736,"Strong"
3699,"MinTemp_MaxDepth",2.40122816749811,"Decisive"
3726,"Mean_SST",1.12700755737133,"Strong"
3726,"MinTemp_MaxDepth",1.34018623791635,"Strong"
3742,"Mean_SST",1.48908620410235,"Strong"
3742,"MinTemp_MaxDepth",1.08346678547389,"Strong"
3772,"Mean_SST",1.13145826010653,"Strong"
3798,"MeanTemp_MaxDepth",1.10482840365366,"Strong"
3902,"Mean_SST",1.58518991606266,"Strong"
3902,"MinTemp_MaxDepth",1.62866474717677,"Strong"
4049,"Max_SST",1.26384902183747,"Strong"
4073,"MinTemp_MaxDepth",1.33233744945303,"Strong"
4090,"MinTemp_MaxDepth",1.13398574626858,"Strong"
4155,"Mean_SST",1.40744189495846,"Strong"
4199,"Mean_SST",1.75110196195576,"Strong"
4199,"MinTemp_MaxDepth",2.4569123537458,"Decisive"
4226,"MinTemp_MaxDepth",1.13599084692162,"Strong"
4260,"Mean_SST",1.60735850260489,"Strong"
4260,"MinTemp_MaxDepth",1.41777053111693,"Strong"
4270,"MinTemp_MaxDepth",1.80252744127812,"Strong"
4343,"Mean_SST",1.3174364965351,"Strong"
4343,"MinTemp_MaxDepth",1.42191637487195,"Strong"
4416,"Mean_SST",1.34699806798643,"Strong"
444,"Mean_SST",1.34795416989402,"Strong"
4462,"Mean_SST",2.36216191349691,"Decisive"
4462,"MinTemp_MaxDepth",1.91614325108204,"Strong"
453,"Mean_SST",1.94947783260297,"Strong"
453,"MinTemp_MaxDepth",1.56511550981938,"Strong"
4576,"MinTemp_MaxDepth",1.43215121389694,"Strong"
4635,"Mean_SST",2.2965116246613,"Decisive"
4635,"MeanTemp_MaxDepth",1.02114793572099,"Strong"
4635,"MinTemp_MaxDepth",2.20376697496057,"Decisive"
4651,"Mean_SST",1.11132973670415,"Strong"
4748,"MeanTemp_MaxDepth",1.66476416244113,"Strong"
475,"MinTemp_MaxDepth",1.30517933756404,"Strong"
4752,"Mean_SST",1.4915157709932,"Strong"
4752,"MinTemp_MaxDepth",3.76101019269572,"Decisive"
4879,"Mean_SST",1.32939787936104,"Strong"
4879,"MinTemp_MaxDepth",1.01443652783167,"Strong"
488,"Mean_SST",1.11922288692358,"Strong"
488,"MinTemp_MaxDepth",1.54522049639307,"Strong"
4955,"Mean_SST",1.1784877310474,"Strong"
4960,"Mean_SST",1.13238778110605,"Strong"
5137,"MinTemp_MaxDepth",1.8688853198041,"Strong"
5140,"MinTemp_MaxDepth",1.39722718104316,"Strong"
5172,"Mean_SST",1.52036560872815,"Strong"
525,"MinTemp_MaxDepth",1.51827698734937,"Strong"
5284,"MeanTemp_MaxDepth",1.14786174848724,"Strong"
5329,"Mean_SST",1.5868460041105,"Strong"
5329,"MinTemp_MaxDepth",1.00655160908665,"Strong"
5365,"Mean_SST",2.16743549404204,"Decisive"
5365,"MinTemp_MaxDepth",2.02226336568126,"Decisive"
5385,"Mean_SST",1.01636467945629,"Strong"
5400,"Mean_SST",2.85626354136698,"Decisive"
5400,"MinTemp_MaxDepth",2.08763946831264,"Decisive"
5440,"Mean_SST",1.14016222961364,"Strong"
5480,"MinTemp_MaxDepth",1.10233078010154,"Strong"
549,"Mean_SST",1.18232904061671,"Strong"
5561,"MinTemp_MaxDepth",1.03245758271493,"Strong"
5653,"Mean_SST",1.0135113334659,"Strong"
5721,"Mean_SST",1.78095783805214,"Strong"
5721,"MeanTemp_MaxDepth",2.00539503188671,"Decisive"
5721,"MinTemp_MaxDepth",1.29283179450863,"Strong"
5778,"MinTemp_MaxDepth",1.39544871231587,"Strong"
5808,"Mean_SST",1.08593244555064,"Strong"
5819,"Mean_SST",2.53459717054592,"Decisive"
5819,"MinTemp_MaxDepth",1.06329582107352,"Strong"
5891,"Mean_SST",1.10205619257519,"Strong"
59,"MeanTemp_MaxDepth",1.30293669970487,"Strong"
6048,"Mean_SST",1.00715010536668,"Strong"
6223,"Mean_SST",1.22391108687227,"Strong"
6239,"Max_SST",1.54321101874001,"Strong"
6245,"Mean_SST",2.81141412626812,"Decisive"
6245,"MeanTemp_MaxDepth",1.25387085233968,"Strong"
6245,"MinTemp_MaxDepth",2.15222717183814,"Decisive"
6276,"Mean_SST",1.08210288432709,"Strong"
6276,"MinTemp_MaxDepth",2.22765536192304,"Decisive"
6279,"Mean_SST",2.05857784913323,"Decisive"
6279,"MinTemp_MaxDepth",2.58275631667942,"Decisive"
6373,"Mean_SST",1.03522955635021,"Strong"
6448,"Max_SST",1.14556929779299,"Strong"
6562,"Max_SST",1.46480241289132,"Strong"
6578,"Mean_SST",1.83773990989265,"Strong"
6578,"MeanTemp_MaxDepth",1.24696610655874,"Strong"
6578,"MinTemp_MaxDepth",1.17995372963155,"Strong"
6600,"Mean_SST",1.34721288640486,"Strong"
6600,"MinTemp_MaxDepth",1.03181227133037,"Strong"
6666,"Max_SST",1.22644523274823,"Strong"
6681,"MeanTemp_MaxDepth",1.37383114507383,"Strong"
6684,"Mean_SST",1.86146869420496,"Strong"
6808,"Mean_SST",2.18602349311745,"Decisive"
6808,"MeanTemp_MaxDepth",5.03538970919868,"Decisive"
6808,"MinTemp_MaxDepth",2.17049640574485,"Decisive"
6812,"Mean_SST",1.12820534396267,"Strong"
6875,"Mean_SST",1.13893394025692,"Strong"
7009,"MinTemp_MaxDepth",1.12365567443812,"Strong"
7055,"Mean_SST",1.0532321488405,"Strong"
7116,"Max_SST",1.01068149313144,"Strong"
7121,"Mean_SST",1.76234089792172,"Strong"
7121,"MinTemp_MaxDepth",2.68459404420068,"Decisive"
7180,"Mean_SST",1.18890037317591,"Strong"
7180,"MeanTemp_MaxDepth",1.23603314711764,"Strong"
7216,"Mean_SST",1.30973659910929,"Strong"
7216,"MinTemp_MaxDepth",1.39406624860914,"Strong"
7260,"Mean_SST",1.85435463147241,"Strong"
7260,"MinTemp_MaxDepth",1.64389661432223,"Strong"
7310,"Mean_SST",1.94814389374313,"Strong"
7310,"MinTemp_MaxDepth",1.67693126367347,"Strong"
7319,"Max_SST",1.01924095039585,"Strong"
7337,"Mean_SST",1.09746555447416,"Strong"
737,"Mean_SST",1.52263981760416,"Strong"
74,"Mean_SST",3.80585413091603,"Decisive"
74,"MeanTemp_MaxDepth",1.77096977045032,"Strong"
74,"MinTemp_MaxDepth",2.59912949606509,"Decisive"
7471,"Mean_SST",1.43820997448756,"Strong"
7496,"Mean_SST",1.72595244752762,"Strong"
7496,"MinTemp_MaxDepth",1.58996076556478,"Strong"
7506,"Mean_SST",1.1465931020963,"Strong"
7521,"Mean_SST",1.13197134528106,"Strong"
7602,"Mean_SST",1.15219658233421,"Strong"
7711,"Mean_SST",1.07258073264895,"Strong"
7726,"Max_SST",1.3343934282837,"Strong"
7759,"Max_SST",1.01540167370295,"Strong"
7815,"Max_SST",1.1852871125752,"Strong"
7953,"Mean_SST",1.64880871272935,"Strong"
8021,"MeanTemp_MaxDepth",1.59137629631791,"Strong"
8063,"Mean_SST",2.03702787975578,"Decisive"
8145,"Mean_SST",1.298525595322,"Strong"
8145,"MinTemp_MaxDepth",1.09419152490953,"Strong"
8162,"Mean_SST",1.41617434745709,"Strong"
8162,"MinTemp_MaxDepth",1.18523041616756,"Strong"
819,"Mean_SST",1.26078666865498,"Strong"
8227,"Max_SST",1.16247479043812,"Strong"
8227,"MinTemp_MaxDepth",1.15414997988155,"Strong"
8230,"Mean_SST",1.13305964275391,"Strong"
8230,"MinTemp_MaxDepth",1.56354041118945,"Strong"
8245,"Mean_SST",2.34799314978741,"Decisive"
8290,"Mean_SST",1.30349844579231,"Strong"
8343,"Mean_SST",1.1044871113124,"Strong"
8343,"MeanTemp_MaxDepth",1.20924684875337,"Strong"
8417,"Mean_SST",1.82026058784064,"Strong"
856,"Max_SST",1.14597290280218,"Strong"
8595,"Max_SST",1.22683181065872,"Strong"
8599,"Mean_SST",1.32666350672468,"Strong"
8599,"MinTemp_MaxDepth",1.94281137481732,"Strong"
8601,"Mean_SST",1.64008373137312,"Strong"
8622,"Mean_SST",1.46134843364798,"Strong"
8622,"MinTemp_MaxDepth",1.21146762443914,"Strong"
8707,"Mean_SST",1.75907831483825,"Strong"
8744,"Mean_SST",1.77872269533273,"Strong"
8829,"MinTemp_MaxDepth",1.58214293837945,"Strong"
8913,"Mean_SST",1.87913603697463,"Strong"
8913,"MeanTemp_MaxDepth",1.02800157934686,"Strong"
8918,"MinTemp_MaxDepth",2.1162091258034,"Decisive"
8946,"Mean_SST",2.62396218875473,"Decisive"
8946,"MinTemp_MaxDepth",2.19537375481741,"Decisive"
9010,"MinTemp_MaxDepth",1.61294271588699,"Strong"
9040,"Mean_SST",1.79325242020504,"Strong"
9040,"MinTemp_MaxDepth",1.11354227995396,"Strong"
9097,"Mean_SST",1.57499144397749,"Strong"
9203,"Mean_SST",2.26923266380683,"Decisive"
9203,"MeanTemp_MaxDepth",1.23459320248533,"Strong"
9203,"MinTemp_MaxDepth",2.00112770027703,"Decisive"
9347,"Mean_SST",1.25146787548352,"Strong"
9410,"Mean_SST",1.59689385373363,"Strong"
9410,"MinTemp_MaxDepth",1.41813549842523,"Strong"
9417,"Mean_SST",1.69204453961456,"Strong"
9428,"Max_SST",1.0886675525424,"Strong"
9465,"Mean_SST",1.55551764919277,"Strong"
9465,"MinTemp_MaxDepth",1.11610941406334,"Strong"
9470,"Mean_SST",1.6562228161036,"Strong"
9470,"MinTemp_MaxDepth",1.29824157849649,"Strong"
95,"Mean_SST",1.63498080005123,"Strong"
9510,"Mean_SST",1.42690146308166,"Strong"
9583,"Mean_SST",1.40284578165573,"Strong"
9583,"MinTemp_MaxDepth",1.40703380332804,"Strong"
959,"Mean_SST",2.23347839193189,"Decisive"
9594,"MeanTemp_MaxDepth",1.04551856288449,"Strong"
965,"Mean_SST",1.85520407189894,"Strong"
965,"MinTemp_MaxDepth",1.43129941946935,"Strong"
9663,"Mean_SST",1.04832525093122,"Strong"
9663,"MinTemp_MaxDepth",1.97593704248311,"Strong"
9693,"Mean_SST",2.09805503966924,"Decisive"
9693,"MinTemp_MaxDepth",2.96889836496046,"Decisive"
971,"Mean_SST",1.02918078890755,"Strong"
9768,"Mean_SST",1.09106873150001,"Strong"
9837,"Mean_SST",2.08582553352074,"Decisive"
9837,"MinTemp_MaxDepth",1.59698174313352,"Strong"
9888,"Mean_SST",1.84046994604242,"Strong"
9888,"MeanTemp_MaxDepth",1.04186620272129,"Strong"
9888,"MinTemp_MaxDepth",1.62229693523877,"Strong"
